"Stage","Strategy","RunId","CouponId","Quantity","Requests","Vus","K6ExitCode","ValidRun","Attempted","Completed","Success","SoldOut","DuplicateRequest","DuplicateUser","InternalError","SetupError","Unexpected","RequestsPerSecond","AvgMs","P90Ms","P95Ms","P99Ms","MaxMs","SuccessAvgMs","SuccessP95Ms","SoldOutAvgMs","SoldOutP95Ms","DbRemaining","RedisRemaining","EffectiveRemaining","IssueCount","Consistent"
"basic","direct","r0814full2-b-01","10","100","200","50","0","True","200","200","200","0","0","0","0","0","0","137.80319113605776","318.05052249999994","380.87796000000003","385.95191","387.406784","387.5553","318.05052249999994","385.95191",,,"80",,"80","200","False"
"basic","jvm-lock","r0814full2-b-02","11","100","200","50","0","True","200","200","100","100","0","0","0","0","0","112.78963391078995","414.14511049999993","660.3162","667.91311","675.775631","679.3458","477.985484","671.2908150000001","350.3047370000001","631.8888549999999","0",,"0","100","True"
"basic","pessimistic","r0814full2-b-03","12","100","200","50","0","True","200","200","100","100","0","0","0","0","0","200.23285078217458","240.36395349999998","431.01288","432.627875","444.232421","446.7535","327.86050100000006","435.91555","152.867406","405.22362499999997","0",,"0","100","True"
"basic","optimistic","r0814full2-b-04","13","100","200","50","99","False","200","200","100","77","0","0","23","0","0","123.42786838343312","398.27308750000003","1498.31804","1563.93448","1583.666272","1586.238","204.32285400000004","431.89879499999944","325.81705454545437","1579.81348","0",,"0","100","True"
"basic","conditional","r0814full2-b-05","14","100","200","50","0","True","200","200","100","100","0","0","0","0","0","202.3848013061915","233.85417899999996","407.05915","410.3716","412.71601599999997","415.654","308.26472200000006","411.54987500000004","159.44363599999994","373.94379499999997","0",,"0","100","True"
"basic","redis-lock","r0814full2-b-06","15","100","200","50","99","False","200","200","100","97","0","0","3","0","0","273.887810075237","161.629893","236.12044999999998","257.16202999999996","295.95992399999983","364.8206","184.66683199999997","275.889725","135.06013092783502","201.07657999999984","100","0","0","100","True"
"basic","redis-decr","r0814full2-b-07","16","100","200","50","0","True","200","200","100","100","0","0","0","0","0","688.177252438556","65.57540900000008","111.97281","115.8572","120.9877","121.4941","85.47332700000001","116.88486499999999","45.67749099999998","89.0095","100","0","0","100","True"
"basic","redis-lua","r0814full2-b-08","17","100","200","50","0","True","200","200","100","100","0","0","0","0","0","671.2747440261583","67.34787950000003","117.34823999999999","119.2328","120.1849","120.1849","87.808324","120.121535","46.887435","93.220625","100","0","0","100","True"
"basic","redis-watch","r0814full2-b-09","18","100","200","50","99","False","200","200","100","99","0","0","1","0","0","302.9313913411606","154.95168049999995","257.32252","273.3659149999999","342.52806099999987","378.3247","193.65360099999995","290.61436","113.60253838383836","245.93717999999998","100","0","0","100","True"
"contention","direct","r0814full2-c-10","19","100","1000","50","0","True","1000","1000","999","1","0","0","0","0","0","145.7175555745992","334.2686060000001","357.13971","367.7064149999999","398.653004","404.304","334.33064774774783","367.8194299999998","272.2889","272.2889","0",,"0","999","False"
"contention","jvm-lock","r0814full2-c-11","20","100","1000","50","0","True","1000","1000","100","900","0","0","0","0","0","198.0705433389936","246.32802680000003","387.7651300000001","626.04065","651.997853","680.2017","499.7041460000002","663.5628099999999","218.1751246666668","243.17267999999967","0",,"0","100","True"
"contention","pessimistic","r0814full2-c-12","21","100","1000","50","0","True","1000","1000","100","900","0","0","0","0","0","586.1145249025994","83.5233236999998","243.79770000000005","424.48921","445.47878000000003","460.5552","330.9412580000002","452.58477","56.032442111111216","101.69791499999953","0",,"0","100","True"
"contention","optimistic","r0814full2-c-13","22","100","1000","50","99","False","1000","1000","100","879","0","0","21","0","0","469.86775665962364","104.9421632999998","152.20727","360.91309999999993","1612.824896","1633.1535","217.76072200000007","691.9896699999999","58.703377133105825","56.741889999999955","0",,"0","100","True"
"contention","conditional","r0814full2-c-14","23","100","1000","50","0","True","1000","1000","100","900","0","0","0","0","0","446.3778955808722","109.2845949","237.66790000000006","393.32211","411.28326200000004","419.6187","304.269462","414.766395","87.61960966666672","118.50734499999967","0",,"0","100","True"
"contention","redis-lock","r0814full2-c-15","24","100","1000","50","99","False","1000","1000","100","881","0","0","19","0","0","410.1321339101103","117.07552990000005","171.78731000000002","193.65708999999998","230.94232099999996","281.9361","156.58259799999996","234.65109","110.35325005675378","164.8307","100","0","0","100","True"
"contention","redis-decr","r0814full2-c-16","25","100","1000","50","0","True","1000","1000","100","900","0","0","0","0","0","1256.0906264362611","38.21293030000006","62.8","90.96924499999997","109.1476","110.5512","79.37019499999998","109.9932","33.63990088888894","54.43032999999999","100","0","0","100","True"
"contention","redis-lua","r0814full2-c-17","26","100","1000","50","0","True","1000","1000","100","900","0","0","0","0","0","1357.934765900194","35.306451999999986","58.01797000000007","89.2936","108.53018","114.1069","79.98763399999999","109.983","30.341876222222222","48.98999","100","0","0","100","True"
"contention","redis-watch","r0814full2-c-18","27","100","1000","50","0","True","1000","1000","100","900","0","0","0","0","0","680.8965419239236","71.3640337000001","125.32172000000001","193.56761","228.40062399999994","306.7367","171.1180540000001","245.702575","60.280253666666624","99.09944999999999","100","0","0","100","True"
"performance","direct","r0814full2-p-19","28","1000","10000","50","0","True","10000","10000","9997","3","0","0","0","0","0","148.5359614601108","335.63334472000105","351.03231","358.18985","385.90997200000044","421.9135","335.65360373112037","358.19059999999996","268.12356666666665","270.6542","0",,"0","9997","False"
"performance","jvm-lock","r0814full2-p-20","29","1000","10000","50","0","True","10000","10000","1000","9000","0","0","0","0","0","202.79994034112477","245.79221600000056","365.1573500000022","623.230305","662.5739669999999","710.2201","614.4042603999992","686.0209","204.8353221777776","227.19075999999998","0",,"0","1000","True"
"performance","pessimistic","r0814full2-p-21","30","1000","10000","50","0","True","10000","10000","1000","9000","0","0","0","0","0","593.9883578757047","83.8069717100003","240.99887000000268","431.14529","453.75287000000003","467.3262","423.4943199999999","460.43805499999996","46.06393301111105","72.98629999999999","0",,"0","1000","True"
"performance","optimistic","r0814full2-p-22","31","1000","10000","50","99","False","10000","10000","1000","8668","0","0","332","0","0","467.1320625550559","106.64293595999968","153.3408","325.88423499999965","1629.759844","1995.2726","237.20842489999995","682.2605649999997","35.63134133594832","52.900045","0",,"0","1000","True"
"performance","conditional","r0814full2-p-23","32","1000","10000","50","0","True","10000","10000","1000","9000","0","0","0","0","0","443.3444457914234","112.35110143000001","227.81196000000094","401.29848","427.784203","438.3547","394.4289764999997","432.37148499999995","81.00911531111159","89.98050999999998","0",,"0","1000","True"
"performance","redis-lock","r0814full2-p-24","33","1000","10000","50","99","False","10000","10000","1000","8815","0","0","185","0","0","391.1141478256519","127.2634542599993","189.8088","211.63604499999988","252.51862300000002","368.7121","189.09030459999988","239.531345","117.99386477594986","186.49265999999997","1000","0","0","1000","True"
"performance","redis-decr","r0814full2-p-25","34","1000","10000","50","0","True","10000","10000","1000","9000","0","0","0","0","0","1187.0335952111457","41.72290022000018","78.20610000000006","103.1515","135.12413200000006","204.6277","106.46923330000008","164.8127999999999","34.52886321111129","53.833234999999995","1000","0","0","1000","True"
"performance","redis-lua","r0814full2-p-26","35","1000","10000","50","0","True","10000","10000","1000","9000","0","0","0","0","0","1335.7317733054808","37.07568120999996","73.24427000000017","101.12448499999998","117.4007","151.8209","101.40386139999997","126.06056999999998","29.92810563333336","43.84235999999999","1000","0","0","1000","True"
"performance","redis-watch","r0814full2-p-27","36","1000","10000","50","99","False","10000","10000","1000","8997","0","0","3","0","0","620.7671170619724","80.03801582000013","168.3731400000002","206.59081","246.73898500000004","363.3465","209.2182705","267.55343","65.59963370012235","106.21073999999984","1000","0","0","1000","True"
