Vus,ComparisonOrder,Strategy,SourceRun,SourceExecutionOrder,RunId,CouponId,Stage,Quantity,Users,RepeatsPerUser,Requests,IsBaseline,K6ExitCode,RunnerValidRun,RunnerScenarioPassed,CompletedRun,TransportComplete,ComparableLatency,PerformanceInterpretation,Attempted,Completed,HttpRequestCount,HttpFailedCount,HttpFailedRate,ChecksRate,MissingOrUnknown,OutcomeCount,UnexpectedAccountingValid,ExpectedSuccess,ExpectedDuplicateUser,ExpectedRemaining,Success,DuplicateUser,SoldOut,DuplicateRequest,InternalError,SetupError,Unexpected,RequestsPerSecond,ElapsedSeconds,SuccessRps,CorrectOutcomeRps,RpsPerVu,AvgMs,P90Ms,P95Ms,P99Ms,MaxMs,SuccessAvgMs,SuccessP90Ms,SuccessP95Ms,SuccessP99Ms,DuplicateUserAvgMs,DuplicateUserP90Ms,DuplicateUserP95Ms,DuplicateUserP99Ms,HttpBlockedP95Ms,HttpBlockedMaxMs,HttpConnectingP95Ms,HttpConnectingMaxMs,DbRemaining,RedisRemaining,EffectiveRemaining,ApiIssueCount,ApiConsistent,DbStockIssuedCrossCheck,DbStockRemainingCrossCheck,DbIssueCountCrossCheck,DbDistinctUsers,DbDistinctRequests,MaxIssuesPerUser,NoDuplicateIssue,AllUsersIssued,UniqueRequestIds,ResponseMatchesStorage,StockLedgerConsistent,ExpectedResultsMatchedAudited,ScenarioPassedAudited,ScenarioPassedValue,RpsSpeedupVs10,ScalingEfficiencyPctVs10,RpsGainPctVs10,P95DeltaPctVs10,RpsSpeedupVs50,ScalingEfficiencyPctVs50,RpsGainPctVs50,P95DeltaPctVs50,RpsGainPctVsPrevious,P95DeltaPctVsPrevious,RedisDestinationPort,TimeWaitObserved,MeasurementNote
10,1,redis-watch,r0816watchvu10r1,1,r0816watchvu10r1-u-01,14,duplicate-user,10000,10000,3,30000,false,99,false,false,true,false,false,TRANSPORT_INCOMPLETE,30000,30000,30000,27111,0.9037,0.1790515988372093,26976,3024,true,10000,20000,0,990,1899,0,0,135,0,26976,1080.1489845173749,27.7739464,35.644916489073374,104.0183472090232,108.01489845173748,4.544544046666668,9.5559,32.816954999999986,91.98004499999989,211.8849,26.359323939393946,39.18838000000001,47.49717499999999,66.427808,51.81801147972618,96.80844,116.54266999999993,143.922588,0,11.0124,0,4.5077,10000,9010,9010,990,true,0,10000,990,990,990,1,true,false,true,true,true,false,false,0,1,100,0,0,,,,,,,6381,14922,26976 no-result responses; 14922 TIME_WAIT sockets; Address already in use. Overall RPS/HTTP percentiles are not comparable.
10,2,redis-lua,r0816vu10r1,1,r0816vu10r1-u-01,6,duplicate-user,10000,10000,3,30000,false,99,false,false,true,true,true,COMPARABLE_MIXED_OUTCOMES,30000,30000,30000,0,0,0.9998166666666667,0,30000,true,10000,20000,0,9998,19991,11,0,0,0,11,534.7353228415316,56.1025216,178.20945859232108,534.5392532231564,53.47353228415316,18.551444629999995,22.75644,24.316329999999997,28.00341,115.6732,16.753870394078916,19.561020000000003,20.624074999999998,24.28335100000002,19.457885978690353,23.6793,24.872700000000002,29.053869999999865,0,10.145,0,1.5145,10000,2,2,9998,true,0,10000,9998,9998,9998,1,true,false,true,true,true,false,false,0,1,100,0,0,,,,,,,,,11 transient SOLD_OUT responses during duplicate-user reservation/compensation races.
10,3,redis-decr,r0816vu10r1,2,r0816vu10r1-u-02,7,duplicate-user,10000,10000,3,30000,false,99,false,false,true,true,true,COMPARABLE_MIXED_OUTCOMES,30000,30000,30000,0,0,0.9997833333333334,0,30000,true,10000,20000,0,9998,19989,13,0,0,0,13,539.0144653048193,55.657133400000006,179.63555413725277,538.7808923698539,53.90144653048193,18.410694516666673,22.69621,24.200415,27.400939999999995,111.0131,16.60749319863972,19.470480000000002,20.45788,23.291976000000005,19.320985086797776,23.4794,24.774459999999998,28.026047999999975,0,11.0799,0,1.5055,10000,2,2,9998,true,0,10000,9998,9998,9998,1,true,false,true,true,true,false,false,0,1,100,0,0,,,,,,,,,13 transient SOLD_OUT responses during duplicate-user reservation/compensation races.
10,4,redis-lock,r0816vu10r1,3,r0816vu10r1-u-03,8,duplicate-user,10000,10000,3,30000,false,99,false,false,true,true,true,FAILURE_MIXED,30000,30000,30000,303,0.0101,0.9948333333333333,0,30000,true,10000,20000,0,10000,19690,7,0,303,0,7,323.1786890629211,92.827903,107.72622968764036,319.83917594260424,32.317868906292105,30.789100446666467,59.305620000000026,79.14980999999999,124.493343,136.0585,18.419115080000008,25.39636,30.515564999999974,43.28831900000001,35.60317274250899,66.93973000000003,83.92959499999999,113.44895300000002,0,11.2084,0,1.569,10000,0,0,10000,true,0,10000,10000,10000,10000,1,true,true,true,true,true,false,false,0,1,100,0,0,,,,,,,,,303 lock acquisition/retry errors; throughput includes failed responses.
10,5,conditional,r0816vu10r1,4,r0816vu10r1-u-04,9,duplicate-user,10000,10000,3,30000,false,99,false,false,true,true,true,COMPARABLE_MIXED_OUTCOMES,30000,30000,30000,0,0,0.9999666666666667,0,30000,true,10000,20000,0,10000,19998,2,0,0,0,2,272.1651816065766,110.2271783,90.7217272021922,272.1470372611362,27.21651816065766,36.60051689999992,39.40863,40.6457,45.26768099999999,119.8568,37.47970627000011,39.85051,41.107665,45.98054,36.16096247624748,39.06779,40.352169999999994,44.943803,0,11.5634,0,1.0006,0,,0,10000,true,10000,0,10000,10000,10000,1,true,true,true,true,true,false,false,0,1,100,0,0,,,,,,,,,2 transient SOLD_OUT responses during duplicate-user reservation/compensation races.
10,6,optimistic,r0816vu10r1,5,r0816vu10r1-u-05,10,duplicate-user,10000,10000,3,30000,false,99,false,false,true,true,true,FAILURE_MIXED,30000,30000,30000,1280,0.042666666666666665,0.9786666666666667,0,30000,true,10000,20000,0,9579,19141,0,0,1280,0,0,218.19461136827192,137.4919381,69.66953940988923,208.884974616559,21.819461136827194,45.648663206666754,73.84265000000005,158.1156799999996,287.20419999999996,352.223,30.27410928071822,57.36606000000002,73.61816,141.3134639999999,37.39934552008763,67.952,83.9941,140.89363999999975,0,10.3841,0,2.7445,421,,421,9579,true,9579,421,9579,9579,9579,1,true,false,true,true,true,false,false,0,1,100,0,0,,,,,,,,,1280 INTERNAL_ERROR responses. Tight 20-attempt CAS retry loop at VU≈Hikari pool size; overall RPS is failure-distorted (high-confidence inference).
10,7,pessimistic,r0816vu10r1,6,r0816vu10r1-u-06,11,duplicate-user,10000,10000,3,30000,false,99,false,false,true,true,true,COMPARABLE_MIXED_OUTCOMES,30000,30000,30000,0,0,0.9999666666666667,0,30000,true,10000,20000,0,10000,19998,2,0,0,0,2,252.12187238510225,118.990073,84.04062412836741,252.10506426027658,25.212187238510225,39.51771039333336,42.93401,44.266704999999995,48.26699499999993,117.207,41.11740703999991,44.01586,45.410039999999995,49.510629,38.718230383038566,41.86578,43.18713,47.140111999999995,0,11.0625,0,1.5753,0,,0,10000,true,10000,0,10000,10000,10000,1,true,true,true,true,true,false,false,0,1,100,0,0,,,,,,,,,2 transient SOLD_OUT responses during duplicate-user reservation/compensation races.
10,8,jvm-lock,r0816vu10r1,7,r0816vu10r1-u-07,12,duplicate-user,10000,10000,3,30000,false,0,true,true,true,true,true,COMPARABLE_MIXED_OUTCOMES,30000,30000,30000,0,0,1,0,30000,true,10000,20000,0,10000,20000,0,0,0,0,0,165.764813620641,180.9793004,55.254937873547,165.764813620641,16.5764813620641,60.16575827333356,66.30048,67.95484,72.62739899999995,225.4782,65.62903830999979,68.65484,70.66996499999999,76.154708,57.43411825500009,60.20122,61.995185,66.79379199999991,0,12.0201,0,1.0045,0,,0,10000,true,10000,0,10000,10000,10000,1,true,true,true,true,true,true,true,1,1,100,0,0,,,,,,,,,
10,9,direct,r0816vu10r1,8,r0816vu10r1-u-08,13,duplicate-user,10000,10000,3,30000,false,99,false,false,true,true,true,FAILURE_MIXED,30000,30000,30000,2,0.00006666666666666667,0.9999666666666667,0,30000,true,10000,20000,0,10000,19998,0,0,2,0,0,397.65819513056357,75.4416742,132.55273171018786,397.63168458422155,39.76581951305636,25.007822989999923,28.07543,29.17961,32.91131999999993,113.9837,26.54420815000006,28.91796,29.953329999999998,34.14626600000002,24.23926644664474,27.44381,28.561769999999996,32.15501299999997,0,10.4742,0,1.5715,7442,,7442,10000,false,2558,7442,10000,10000,10000,1,true,true,true,true,false,false,false,0,1,100,0,0,,,,,,,,,"Lost update: API issueCount 10000, DB stock issued 2558."
50,1,redis-watch,r0816duprev1w,1,r0816duprev1w-u-01,6,duplicate-user,10000,10000,3,30000,true,99,false,false,true,false,false,TRANSPORT_INCOMPLETE,30000,30000,30000,27258,0.9086,0.17422521130600746,26991,3009,true,10000,20000,0,946,1796,0,0,267,0,26991,784.0516800451626,38.2627839,24.723762977424126,71.66232355612786,15.681033600903252,27.2138555666667,31.896280000001813,267.60763000000003,357.18408399999964,592.8814,249.43599915433435,296.81965,317.06944999999996,359.17245499999984,289.2975454899771,365.5238,386.493525,448.38313999999997,0,14.5654,0,5.2019,10000,9054,9054,946,true,0,10000,946,946,946,1,true,false,true,true,true,false,false,0,0.7258736445468099,14.517472890936197,-27.41263554531901,715.4553949322847,1,100,0,0,-27.41263554531901,715.4553949322847,6381,14918,26991 no-result responses; 14918 TIME_WAIT sockets; Address already in use. Overall RPS/HTTP percentiles are not comparable.
50,2,redis-lua,r0816duprev1,2,r0816duprev1-u-01,8,duplicate-user,10000,10000,3,30000,true,99,false,false,true,true,true,COMPARABLE_MIXED_OUTCOMES,30000,30000,30000,0,0,0.9997833333333334,0,30000,true,10000,20000,0,9998,19989,13,0,0,0,13,535.8513641482543,55.9856744,178.5813979584749,535.6191618904568,10.717027282965086,93.01737724999943,100.83561,104.46293499999999,123.10715399999962,227.6223,89.24087178435695,96.41513,99.627105,111.21411700000013,94.92115040772475,102.17326,105.85553999999999,137.78517599999932,0,12.7388,0,2.6854,10000,2,2,9998,true,0,10000,9998,9998,9998,1,true,false,true,true,true,false,false,0,1.0020870910505635,20.041741821011268,0.20870910505634832,329.5999231791969,1,100,0,0,0.20870910505634832,329.5999231791969,,,13 transient SOLD_OUT responses during duplicate-user reservation/compensation races.
50,3,redis-decr,r0816duprev1,3,r0816duprev1-u-02,9,duplicate-user,10000,10000,3,30000,true,99,false,false,true,true,true,COMPARABLE_MIXED_OUTCOMES,30000,30000,30000,0,0,0.9997833333333334,0,30000,true,10000,20000,0,9999,19988,13,0,0,0,13,560.5736824363992,53.5166044,186.83920835605184,560.33076717401,11.211473648727983,88.9448774100005,95.71819,98.16033,109.15570799999992,230.1158,85.31557525752571,91.46746,93.59475,99.98004200000007,90.77375245147097,96.8031,99.32337999999999,134.49553300000042,0,12.6388,0,1.7337,10000,1,1,9999,true,0,10000,9999,9999,9999,1,true,false,true,true,true,false,false,0,1.0399974741297302,20.799949482594606,3.9997474129730204,305.614242565675,1,100,0,0,3.9997474129730204,305.614242565675,,,13 transient SOLD_OUT responses during duplicate-user reservation/compensation races.
50,4,redis-lock,r0816duprev1,4,r0816duprev1-u-03,10,duplicate-user,10000,10000,3,30000,true,99,false,false,true,true,true,FAILURE_MIXED,30000,30000,30000,287,0.009566666666666666,0.9951166666666666,0,30000,true,10000,20000,0,9999,19708,6,0,287,0,6,319.98285676912326,93.7550227,106.65028616114878,316.8576908680115,6.399657135382466,155.93369318999916,189.99552,211.04957,250.820391,286.1327,141.4700182618253,155.053,161.12346,180.6143120000001,161.87781775421254,198.33409999999998,216.10083999999998,246.72303200000005,0,12.2661,0,1.9998,10000,1,1,9999,true,0,10000,9999,9999,9999,1,true,false,true,true,true,false,false,0,0.9901112529942356,19.802225059884712,-0.9888747005764364,166.6457064142037,1,100,0,0,-0.9888747005764364,166.6457064142037,,,287 lock acquisition/retry errors; throughput includes failed responses.
50,5,conditional,r0816duprev1,5,r0816duprev1-u-04,11,duplicate-user,10000,10000,3,30000,true,99,false,false,true,true,true,COMPARABLE_MIXED_OUTCOMES,30000,30000,30000,0,0,0.9999666666666667,0,30000,true,10000,20000,0,10000,19998,2,0,0,0,2,260.09148999059227,115.3440276,86.69716333019743,260.07415055792626,5.201829799811845,191.85296413333154,200.37220000000002,204.50781,217.52997199999996,396.9049,190.3612082100005,199.15301,203.20241000000001,213.49394100000006,192.59867818781987,200.87776,205.124915,219.47499499999964,0,12.5936,0,1.8588,0,,0,10000,true,10000,0,10000,10000,10000,1,true,true,true,true,true,false,false,0,0.9556383680501893,19.112767361003787,-4.436163194981068,403.1474670137309,1,100,0,0,-4.436163194981068,403.1474670137309,,,2 transient SOLD_OUT responses during duplicate-user reservation/compensation races.
50,6,optimistic,r0816duprev1,6,r0816duprev1-u-05,12,duplicate-user,10000,10000,3,30000,true,99,false,false,true,true,true,FAILURE_MIXED,30000,30000,30000,11,0.00036666666666666667,0.9998166666666667,0,30000,true,10000,20000,0,9997,19992,0,0,11,0,0,200.5478011319391,149.5902714,66.82921226386651,200.47426693819074,4.010956022638783,248.8920452366649,453.56234000000046,561.39248,815.3446339999998,1347.5061,219.28582286686043,437.87856,524.7180599999998,776.7696919999968,263.1555252450976,471.99520000000024,567.7187,818.7519300000001,0,12.6811,0,1.0707,3,,3,9997,true,9997,3,9997,9997,9997,1,true,false,true,true,true,false,false,0,0.9191235286441227,18.382470572882454,-8.087647135587728,255.05174439372578,1,100,0,0,-8.087647135587728,255.05174439372578,,,
50,7,pessimistic,r0816duprev1,7,r0816duprev1-u-06,13,duplicate-user,10000,10000,3,30000,true,99,false,false,true,true,true,COMPARABLE_MIXED_OUTCOMES,30000,30000,30000,0,0,0.9999666666666667,0,30000,true,10000,20000,0,10000,19998,2,0,0,0,2,237.87823141312452,126.1149447,79.29274380437484,237.86237286436364,4.75756462826249,209.80585656666705,219.66093999999998,225.86969499999998,243.8951669999999,380.2856,208.53186110999923,218.72033,224.793085,240.613414,210.44385382038246,220.11778,226.196845,246.04066099999983,0,12.5512,0,2.0929,0,,0,10000,true,10000,0,10000,10000,10000,1,true,true,true,true,true,false,false,0,0.943504937365286,18.87009874730572,-5.649506263471404,410.2473631141057,1,100,0,0,-5.649506263471404,410.2473631141057,,,2 transient SOLD_OUT responses during duplicate-user reservation/compensation races.
50,8,jvm-lock,r0816duprev1,8,r0816duprev1-u-07,14,duplicate-user,10000,10000,3,30000,true,0,true,true,true,true,true,COMPARABLE_MIXED_OUTCOMES,30000,30000,30000,0,0,1,0,30000,true,10000,20000,0,10000,20000,0,0,0,0,0,156.64629235699886,191.5142679,52.215430785666285,156.64629235699886,3.132925847139977,318.71360179666624,332.26448,337.44782,360.649648,482.9909,321.23735910000096,334.33029999999997,338.69144,361.79638900000003,317.45172314499973,331.14753,336.61145000000005,359.3776629999993,0,11.9572,0,1.0072,0,,0,10000,true,10000,0,10000,10000,10000,1,true,true,true,true,true,true,true,1,0.9449912133674506,18.899824267349015,-5.500878663254937,396.57657938713413,1,100,0,0,-5.500878663254937,396.57657938713413,,,
50,9,direct,r0816duprev1,9,r0816duprev1-u-08,15,duplicate-user,10000,10000,3,30000,true,0,true,false,true,true,true,COMPARABLE_MIXED_OUTCOMES,30000,30000,30000,0,0,1,0,30000,true,10000,20000,0,10000,20000,0,0,0,0,0,398.538773528409,75.2749845,132.846257842803,398.538773528409,7.970775470568181,125.16302504666677,131.77809,134.742945,150.48337299999994,217.0459,124.1128285900002,130.14284999999998,133.03009999999998,149.396636,125.68812327499981,132.38535,135.368415,151.2286819999997,0,11.9687,0,2.0413,7498,,7498,10000,false,2502,7498,10000,10000,10000,1,true,true,true,true,false,true,false,0,1.0022144102865937,20.044288205731874,0.22144102865937487,361.7708907007325,1,100,0,0,0.22144102865937487,361.7708907007325,,,"Lost update: API issueCount 10000, DB stock issued 2502."
100,1,redis-watch,r0816watchvu100r1,1,r0816watchvu100r1-u-01,15,duplicate-user,10000,10000,3,30000,false,99,false,false,true,false,false,TRANSPORT_INCOMPLETE,30000,30000,30000,27149,0.9049666666666667,0.1834641643357695,26751,3249,true,10000,20000,0,991,1860,0,0,398,0,26751,887.5108488216772,33.8024037,29.317441706076067,84.34311433302005,8.875108488216773,49.79708449000016,256.5372900000045,468.323085,585.20643,1155.3042,438.96532038345083,505.5977,557.4618499999999,635.0073000000001,480.72383059139884,562.28786,610.7644949999999,726.4910420000006,0,16.338,0,9.2063,10000,9009,9009,991,true,0,10000,991,991,991,1,true,false,true,true,true,false,false,0,0.8216559581530589,8.21655958153059,-17.834404184694108,1327.0765980573158,1.1319545272456468,56.597726362282344,13.195452724564682,75.00363685444991,13.195452724564682,75.00363685444991,6382,14852,26751 no-result responses; 14852 TIME_WAIT sockets; Address already in use. Overall RPS/HTTP percentiles are not comparable.
100,2,redis-lua,r0816vu100r1,1,r0816vu100r1-u-01,6,duplicate-user,10000,10000,3,30000,false,99,false,false,true,true,true,COMPARABLE_MIXED_OUTCOMES,30000,30000,30000,0,0,0.9997666666666667,0,30000,true,10000,20000,0,9998,19988,14,0,0,0,14,567.1829842397375,52.892983099999995,189.02318254762986,566.9182988470923,5.671829842397375,175.85321941666734,187.0518,194.650225,246.9363,392.0511,171.7080168233644,183.79729,190.61548999999994,234.70681300000004,177.9445192665596,188.35211999999999,196.29075999999995,268.3231990000005,0,19.7111,0,5.8529,10000,2,2,9998,true,0,10000,9998,9998,9998,1,true,false,true,true,true,false,false,0,1.0606798541487445,10.606798541487446,6.067985414874455,700.4917888513605,1.058470729362209,52.923536468110456,5.8470729362209095,86.33424860214775,5.8470729362209095,86.33424860214775,,,14 transient SOLD_OUT responses during duplicate-user reservation/compensation races.
100,3,redis-decr,r0816vu100r1,2,r0816vu100r1-u-02,7,duplicate-user,10000,10000,3,30000,false,99,false,false,true,true,true,COMPARABLE_MIXED_OUTCOMES,30000,30000,30000,0,0,0.9997833333333334,0,30000,true,10000,20000,0,9999,19988,13,0,0,0,13,573.5485050257474,52.305951,191.16371672508163,573.2999673402363,5.735485050257474,173.9128569533319,185.17326,189.545385,261.2136779999999,408.865,169.6279465246523,182.24604,185.93069,210.12650200000454,176.06516189213383,186.24291000000002,190.83014499999996,267.44424700000025,0,14.6599,0,3.6073,10000,1,1,9999,true,0,10000,9999,9999,9999,1,true,false,true,true,true,false,false,0,1.0640688551862865,10.640688551862866,6.406885518628647,683.2319611047992,1.0231456149224778,51.15728074612389,2.3145614922477797,93.09774630953258,2.3145614922477797,93.09774630953258,,,13 transient SOLD_OUT responses during duplicate-user reservation/compensation races.
100,4,redis-lock,r0816vu100r1,3,r0816vu100r1-u-03,8,duplicate-user,10000,10000,3,30000,false,99,false,false,true,true,true,FAILURE_MIXED,30000,30000,30000,232,0.007733333333333333,0.996,0,30000,true,10000,20000,0,10000,19760,8,0,232,0,8,335.85324621037415,89.3247284,111.95108207012471,333.16642024069114,3.3585324621037413,297.1733842766659,331.56023000000005,352.193865,395.7345219999999,582.7594,281.76961129999927,301.97147,308.78333,337.387366,303.8450190030364,339.89922000000007,358.34507999999994,397.063177,0,15.8436,0,3.3645,10000,0,0,10000,true,0,10000,10000,10000,10000,1,true,true,true,true,true,false,false,0,1.0392184187150577,10.392184187150576,3.9218418715057712,344.9712071323988,1.0495976240774105,52.47988120387053,4.959762407741053,66.87731938994239,4.959762407741053,66.87731938994239,,,232 lock acquisition/retry errors; throughput includes failed responses.
100,5,conditional,r0816vu100r1,4,r0816vu100r1-u-04,9,duplicate-user,10000,10000,3,30000,false,99,false,false,true,true,true,COMPARABLE_MIXED_OUTCOMES,30000,30000,30000,0,0,0.9999666666666667,0,30000,true,10000,20000,0,10000,19998,2,0,0,0,2,269.7947334758622,111.1956472,89.93157782528739,269.77674716029713,2.697947334758622,369.81531471333096,381.58695,387.490755,447.75352199999986,676.9665,370.0400486899984,382.31734,388.167655,446.32033500000006,369.6957327632766,381.3177,387.1016599999999,447.9892889999998,0,15.2696,0,4.141,0,,0,10000,true,10000,0,10000,10000,10000,1,true,true,true,true,true,false,false,0,0.991290406374828,9.91290406374828,-0.8709593625171985,853.3376347313492,1.0373070394791497,51.86535197395749,3.7307039479149706,89.47479560805036,3.7307039479149706,89.47479560805036,,,2 transient SOLD_OUT responses during duplicate-user reservation/compensation races.
100,6,optimistic,r0816vu100r1,5,r0816vu100r1-u-05,10,duplicate-user,10000,10000,3,30000,false,99,false,false,true,true,true,FAILURE_MIXED,30000,30000,30000,20,0.0006666666666666666,0.9996666666666667,0,30000,true,10000,20000,0,9994,19986,0,0,20,0,0,208.07665098815806,144.1776377,69.31726833252172,207.93793322083263,2.0807665098815806,479.7021109833371,864.45279,1104.5583900000001,1668.4335169999986,2648.9592,415.1935199219531,848.16399,1088.7432350000004,1583.5170209999999,509.9929812268608,945.03975,1123.8579499999998,1671.948540000002,0,19.3847,0,7.5215,6,,6,9994,true,9994,6,9994,9994,9994,1,true,false,true,true,true,false,false,0,0.9536287339239711,9.53628733923971,-4.637126607602893,598.576124771435,1.0375414231107214,51.87707115553607,3.7541423110721395,96.7533284378872,3.7541423110721395,96.7533284378872,,,
100,7,pessimistic,r0816vu100r1,6,r0816vu100r1-u-06,11,duplicate-user,10000,10000,3,30000,false,99,false,false,true,true,true,COMPARABLE_MIXED_OUTCOMES,30000,30000,30000,0,0,0.9999666666666667,0,30000,true,10000,20000,0,10000,19998,2,0,0,0,2,250.4992221961576,119.7608509,83.49974073205253,250.4825222480112,2.504992221961576,398.35058051667085,411.99960999999996,420.232145,464.46548699999977,784.55,399.342309819999,413.34084,421.605245,465.851453,397.8545582008208,411.17867,419.3923999999999,463.8476679999999,0,24.6499,0,9.2586,0,,0,10000,true,10000,0,10000,10000,10000,1,true,true,true,true,true,false,false,0,0.9935640245188004,9.935640245188004,-0.6435975481199563,849.3187825929219,1.0530565184887142,52.65282592443571,5.305651848871418,86.05069839050346,5.305651848871418,86.05069839050346,,,2 transient SOLD_OUT responses during duplicate-user reservation/compensation races.
100,8,jvm-lock,r0816vu100r1,7,r0816vu100r1-u-07,12,duplicate-user,10000,10000,3,30000,false,0,true,true,true,true,true,COMPARABLE_MIXED_OUTCOMES,30000,30000,30000,0,0,1,0,30000,true,10000,20000,0,10000,20000,0,0,0,0,0,166.22154163095192,180.48202240000003,55.40718054365063,166.22154163095192,1.662215416309519,600.4170315566665,612.04704,618.06991,665.5623139999999,770.9855,605.353865349999,616.64934,621.9963,673.1573020000001,597.9486146599951,608.29054,613.5055,664.6369369999996,0,14.2549,0,3.6085,0,,0,10000,true,10000,0,10000,10000,10000,1,true,true,true,true,true,true,true,1,1.0027552771926385,10.027552771926384,0.2755277192638461,809.5303734068096,1.0611265618220376,53.056328091101875,6.112656182203757,83.16014310005029,6.112656182203757,83.16014310005029,,,
100,9,direct,r0816vu100r1,8,r0816vu100r1-u-08,13,duplicate-user,10000,10000,3,30000,false,0,true,false,true,true,true,COMPARABLE_MIXED_OUTCOMES,30000,30000,30000,0,0,1,0,30000,true,10000,20000,0,10000,20000,0,0,0,0,0,400.17557997033293,74.9670932,133.391859990111,400.17557997033293,4.0017557997033295,249.30243526666735,262.43203,269.238085,303.957474,356.1414,250.58331109999892,263.78363,270.965485,304.02308700000003,248.6619973499996,261.6894,268.411915,303.41190699999913,0,15.1839,0,3.4141,7502,,7502,10000,false,2498,7502,10000,10000,10000,1,true,true,true,true,false,true,false,0,1.0063305242305967,10.063305242305967,0.6330524230596657,822.6925411271775,1.0041070193181774,50.20535096590887,0.4107019318177363,99.81609055672638,0.4107019318177363,99.81609055672638,,,"Lost update: API issueCount 10000, DB stock issued 2498."
200,1,redis-watch,r0816watchvu200r1,1,r0816watchvu200r1-u-01,16,duplicate-user,10000,10000,3,30000,false,99,false,false,true,false,false,TRANSPORT_INCOMPLETE,30000,30000,30000,27196,0.9065333333333333,0.18800943480727317,26507,3493,true,10000,20000,0,999,1805,0,0,689,0,26507,959.2546299911562,31.2742822,31.9431791787055,89.65833274984007,4.796273149955781,118.90985679666635,587.3752800000043,970.562345,1189.3038319999991,7783.5427,880.4070871871888,1047.93566,1130.9923599999997,1259.5041559999997,951.3347191689736,1094.05888,1160.15612,1328.9651320000003,0,16.5088,0,5.7663,10000,9001,9001,999,true,0,10000,999,999,999,1,true,false,true,true,true,false,false,0,0.8880762225775402,4.4403811128877,-11.192377742245984,2857.502745151098,1.2234584204142023,30.586460510355057,22.345842041420227,262.6811182476374,8.083707513517302,107.2420463748867,6383,14788,26507 no-result responses; 14788 TIME_WAIT sockets; Address already in use. Overall RPS/HTTP percentiles are not comparable.
200,2,redis-lua,r0816vu200r1,1,r0816vu200r1-u-01,14,duplicate-user,10000,10000,3,30000,false,99,false,false,true,false,false,TRANSPORT_INCOMPLETE,30000,30000,30000,46,0.0015333333333333334,0.9991660272875872,46,29954,true,10000,20000,0,9996,19954,4,0,0,0,50,572.3284286999998,52.41745559999999,190.69983244283995,571.3745479854998,2.861642143499999,347.90838734333585,364.4185,370.55062000000004,437.16261899999995,774.8902,341.2253029111648,360.9837,366.18449999999996,424.7624499999998,352.05979098927617,366.01052,372.57065,443.1151790000002,0,20.2551,0,5.5829,10000,4,4,9996,true,0,10000,9996,9996,9996,1,true,false,true,true,true,false,false,0,1.0703022677811933,5.351511338905966,7.030226778119331,1423.875601293452,1.0680731019687268,26.701827549218173,6.807310196872685,254.71970991433474,0.9071930229288094,90.367424440429,,,46 no-result responses at VU200; transport/server saturation makes overall latency incomplete.
200,3,redis-decr,r0816vu200r1,2,r0816vu200r1-u-02,15,duplicate-user,10000,10000,3,30000,false,99,false,false,true,false,false,TRANSPORT_INCOMPLETE,30000,30000,30000,21,0.0007,0.9994331349305591,21,29979,true,10000,20000,0,9999,19967,13,0,0,0,34,573.3267054472876,52.3261863,191.08979092558099,572.676935181114,2.8666335272364383,347.54980525666787,363.0157,369.800625,437.92128199999996,967.3756,340.26976543654376,358.95542,364.99249000000003,418.315914,351.58566452646915,364.4432,371.3496,447.19284200000004,0,24.5477,0,10.7349,10000,1,1,9999,true,0,10000,9999,9999,9999,1,true,false,true,true,true,false,false,0,1.06365736422874,5.318286821143699,6.365736422873991,1428.0755515969458,1.0227499495792605,25.56874873948151,2.2749949579260464,276.7312365392415,-0.038671459609129766,95.09872266212128,,,21 no-result responses at VU200; transport/server saturation makes overall latency incomplete.
200,4,redis-lock,r0816vu200r1,3,r0816vu200r1-u-03,16,duplicate-user,10000,10000,3,30000,false,99,false,false,true,false,false,TRANSPORT_INCOMPLETE,30000,30000,30000,289,0.009633333333333334,0.9951797985189139,44,29956,true,10000,20000,0,9995,19716,0,0,245,0,44,336.27896519250413,89.211646,112.03694190330262,333.0394778278163,1.6813948259625207,592.420043476671,634.91989,654.88702,696.4388919999997,1224.9203,574.0729009404714,606.18006,618.49793,644.0721159999995,601.8589537380825,641.92695,659.878175,698.7762399999996,0,19.5318,0,5.5092,10000,5,5,9995,true,0,10000,9995,9995,9995,1,true,false,true,true,true,false,false,0,1.0405357053943383,5.202678526971692,4.053570539433826,727.4018851087579,1.050928067171858,26.27320167929645,5.092806717185794,210.3000967971648,0.12675744151162682,85.94503910509627,,,44 no-result responses at VU200; transport/server saturation makes overall latency incomplete.
200,5,conditional,r0816vu200r1,4,r0816vu200r1-u-04,17,duplicate-user,10000,10000,3,30000,false,99,false,false,true,false,false,TRANSPORT_INCOMPLETE,30000,30000,30000,29,0.0009666666666666667,0.999516432942589,29,29971,true,10000,20000,0,9996,19975,0,0,0,0,29,276.76016856436013,108.39710119999998,92.2164881656448,276.4926337347479,1.3838008428218007,719.9105976966642,741.4204500000001,748.855235,799.449695,1445.6795,718.8929995398141,740.57125,747.6555,798.6026299999999,721.4650066332907,741.83968,749.29677,800.097004,0,19.5963,0,6.3677,4,,4,9996,true,9996,4,9996,9996,9996,1,true,false,true,true,true,false,false,0,1.0168830815560594,5.084415407780297,1.6883081556059443,1742.3971908467565,1.064087750715607,26.602193767890174,6.408775071560702,266.174394513344,2.5817535423170668,93.25757462265132,,,29 no-result responses at VU200; transport/server saturation makes overall latency incomplete.
200,6,optimistic,r0816vu200r1,5,r0816vu200r1-u-05,18,duplicate-user,10000,10000,3,30000,false,99,false,false,true,false,false,TRANSPORT_INCOMPLETE,30000,30000,30000,126,0.0042,0.9978968803725526,89,29911,true,10000,20000,0,9975,19899,0,0,37,0,89,209.42477541962478,143.2495269,69.63373782702524,208.54519136286237,1.047123877098124,951.9850695433372,1904.80908,2379.948305,3431.1945679999944,5247.3094,818.2213838295745,1698.5951200000002,2177.8623899999993,3362.8341680000003,1016.5929416855118,1916.6237800000001,2390.99376,3410.821114,0,20.599,0,5.425,25,,25,9975,true,9975,25,9975,9975,9975,1,true,false,true,true,true,false,false,0,0.9598072752867151,4.799036376433576,-4.019272471328494,1405.194364657576,1.0442636330968573,26.10659082742143,4.426363309685732,323.9366200630261,0.6478979861817447,115.46604747622257,,,89 no-result responses at VU200; transport/server saturation makes overall latency incomplete.
200,7,pessimistic,r0816vu200r1,6,r0816vu200r1-u-06,19,duplicate-user,10000,10000,3,30000,false,99,false,false,true,false,false,TRANSPORT_INCOMPLETE,30000,30000,30000,91,0.003033333333333333,0.9984810295615016,91,29909,true,10000,20000,0,9978,19931,0,0,0,0,91,254.59828390538772,117.8326874,84.67938922693195,253.82600244420803,1.2729914195269385,782.5236264433347,809.30158,824.89031,861.356194,1520.2415,783.482388865507,809.10367,824.42763,860.749286,785.6164526215415,809.539,825.3152,861.9283,0,16.6135,0,5.1013,22,,22,9978,true,9978,22,9978,9978,9978,1,true,false,true,true,true,false,false,0,1.0098222795858935,5.049111397929468,0.9822279585893545,1763.4554119173772,1.0702882831814289,26.75720707953572,7.028828318142888,265.20627966491924,1.6363570606300115,96.2939579503134,,,91 no-result responses at VU200; transport/server saturation makes overall latency incomplete.
200,8,jvm-lock,r0816vu200r1,7,r0816vu200r1-u-07,20,duplicate-user,10000,10000,3,30000,false,99,false,false,true,false,false,TRANSPORT_INCOMPLETE,30000,30000,30000,74,0.0024666666666666665,0.9987651436772019,74,29926,true,10000,20000,0,9990,19936,0,0,0,0,74,169.62692546901502,176.8587146,56.485766181182,169.20851238619144,0.848134627345075,1174.8184390333442,1201.79836,1221.868,1255.54048,1284.5922,1178.7200038738683,1204.08674,1223.677835,1257.6469200000001,1177.2241338433053,1200.8658500000001,1220.0111,1254.476905,0,17.2807,0,5.5705,10,,10,9990,true,9990,10,9990,9990,9990,1,true,false,true,true,true,false,false,0,1.023298743346176,5.11649371673088,2.3298743346175987,1698.0588284807968,1.0828658815775425,27.071647039438563,8.286588157754249,262.09094490520044,2.0487018738063467,97.69090522462092,,,74 no-result responses at VU200; transport/server saturation makes overall latency incomplete.
200,9,direct,r0816vu200r1,8,r0816vu200r1-u-08,21,duplicate-user,10000,10000,3,30000,false,99,false,false,true,false,false,TRANSPORT_INCOMPLETE,30000,30000,30000,89,0.0029666666666666665,0.9985144631202951,89,29911,true,10000,20000,0,9980,19931,0,0,0,0,89,402.56494037055796,74.5221379,133.91993682993896,401.370664380792,2.01282470185279,494.78689720666705,515.94789,523.312895,576.789538,597.1512,494.8931431062136,514.86072,522.2404849999999,575.107671,496.9431211680322,516.5602,523.83205,577.2244500000002,0,15.5708,0,4.4563,7511,,7511,9980,false,2489,7511,9980,9980,9980,1,true,false,true,true,false,false,false,0,1.0123391025259352,5.061695512629676,1.2339102525935175,1693.419771545953,1.0101023215545726,25.252558038864315,1.010232155457258,288.37869767504344,0.5970780127068531,94.36807946394359,,,89 no-result responses at VU200; transport/server saturation makes overall latency incomplete.